Date,Symbol,Close Price,Avg Entry Price,Quantity,PnL
2024-10-04,NSE:KRN-EQ,452.21,468.86,31,-516.15
2024-10-07,NSE:KRN-EQ,422.43,468.86,31,-1439.33
2024-10-08,NSE:KRN-EQ,423.18,468.86,31,-1416.08
2024-10-09,NSE:KRN-EQ,459.13,468.86,31,-301.63
2024-10-10,NSE:KRN-EQ,460.74,468.86,31,-251.72
2024-10-11,NSE:KRN-EQ,487.63,468.86,31,581.87
2024-10-14,NSE:KRN-EQ,478.53,468.86,31,299.77
2024-10-15,NSE:KRN-EQ,483.7,468.86,31,460.04
2024-10-16,NSE:KRN-EQ,471.75,468.86,31,89.59
2024-10-17,NSE:KRN-EQ,453.27,468.86,31,-483.29
2024-10-18,NSE:KRN-EQ,462.14,468.86,31,-208.32
2024-10-21,NSE:KRN-EQ,450.13,468.86,31,-580.63
2024-10-22,NSE:KRN-EQ,425.36,468.86,31,-1348.5
2024-10-23,NSE:KRN-EQ,435.43,468.86,31,-1036.33
2024-10-24,NSE:KRN-EQ,426.01,468.86,31,-1328.35
2024-10-25,NSE:KRN-EQ,428.16,468.86,31,-1261.7
2024-10-28,NSE:KRN-EQ,437.83,468.86,31,-961.93
2024-10-29,NSE:KRN-EQ,456.55,468.86,31,-381.61
2024-10-30,NSE:KRN-EQ,456.03,468.86,31,-397.73
2024-10-30,NSE:WAAREEENER-EQ,2441.65,2400.0,6,249.9
2024-10-31,NSE:KRN-EQ,451.32,468.86,31,-543.74
2024-10-31,NSE:WAAREEENER-EQ,2722.1,2400.0,6,1932.6
2024-11-01,NSE:KRN-EQ,467.85,468.86,31,-31.31
2024-11-01,NSE:WAAREEENER-EQ,2890.1,2400.0,6,2940.6
2024-11-04,NSE:KRN-EQ,450.25,468.86,31,-576.91
2024-11-04,NSE:WAAREEENER-EQ,2990.6,2400.0,6,3543.6
2024-11-05,NSE:KRN-EQ,447.95,468.86,31,-648.21
2024-11-05,NSE:WAAREEENER-EQ,3472.7,2400.0,6,6436.2
2024-11-06,NSE:KRN-EQ,537.5,468.86,31,2127.84
2024-11-06,NSE:WAAREEENER-EQ,3636.6,2400.0,6,7419.6
2024-11-07,NSE:KRN-EQ,592.85,468.86,31,3843.69
2024-11-07,NSE:WAAREEENER-EQ,3348.65,2400.0,6,5691.9
2024-11-08,NSE:KRN-EQ,588.05,468.86,31,3694.89
2024-11-08,NSE:WAAREEENER-EQ,3133.7,2400.0,6,4402.2
2024-11-11,NSE:KRN-EQ,625.0,468.86,31,4840.34
2024-11-11,NSE:WAAREEENER-EQ,2822.8,2400.0,6,2536.8
2024-11-12,NSE:KRN-EQ,609.9,468.86,31,4372.24
2024-11-12,NSE:WAAREEENER-EQ,2870.0,2400.0,6,2820.0
2024-11-13,NSE:KRN-EQ,619.9,468.86,31,4682.24
2024-11-13,NSE:WAAREEENER-EQ,2875.75,2400.0,6,2854.5
2024-11-14,NSE:KRN-EQ,652.2,468.86,31,5683.54
2024-11-14,NSE:WAAREEENER-EQ,2917.45,2400.0,6,3104.7
2024-11-18,NSE:KRN-EQ,743.95,468.86,31,8527.79
2024-11-18,NSE:WAAREEENER-EQ,3114.45,2400.0,6,4286.7
2024-11-19,NSE:KRN-EQ,737.1,468.86,31,8315.44
2024-11-19,NSE:WAAREEENER-EQ,2901.8,2400.0,6,3010.8
2024-11-21,NSE:KRN-EQ,762.65,468.86,31,9107.49
2024-11-21,NSE:WAAREEENER-EQ,2721.45,2400.0,6,1928.7
2024-11-22,NSE:KRN-EQ,790.5,468.86,31,9970.84
2024-11-22,NSE:WAAREEENER-EQ,2705.2,2400.0,6,1831.2
2024-11-25,NSE:KRN-EQ,784.55,468.86,31,9786.39
2024-11-25,NSE:WAAREEENER-EQ,2596.6,2400.0,6,1179.6
2024-11-26,NSE:KRN-EQ,742.7,468.86,31,8489.04
2024-11-26,NSE:WAAREEENER-EQ,2525.85,2400.0,6,755.1
2024-11-27,NSE:KRN-EQ,754.9,468.86,31,8867.24
2024-11-27,NSE:WAAREEENER-EQ,2607.75,2400.0,6,1246.5
2024-11-28,NSE:KRN-EQ,745.6,468.86,31,8578.94
2024-11-28,NSE:WAAREEENER-EQ,2633.85,2400.0,6,1403.1
2024-11-29,NSE:KRN-EQ,782.25,468.86,31,9715.09
2024-11-29,NSE:WAAREEENER-EQ,2667.75,2400.0,6,1606.5
2024-12-02,NSE:KRN-EQ,828.35,468.86,31,11144.19
2024-12-02,NSE:WAAREEENER-EQ,2740.3,2400.0,6,2041.8
2024-12-03,NSE:KRN-EQ,830.7,468.86,31,11217.04
2024-12-03,NSE:WAAREEENER-EQ,2696.95,2400.0,6,1781.7
2024-12-04,NSE:KRN-EQ,823.95,468.86,31,11007.79
2024-12-04,NSE:WAAREEENER-EQ,2722.15,2400.0,6,1932.9
2024-12-05,NSE:KRN-EQ,841.4,468.86,31,11548.74
2024-12-05,NSE:WAAREEENER-EQ,2839.35,2400.0,6,2636.1
2024-12-06,NSE:KRN-EQ,847.6,468.86,31,11740.94
2024-12-06,NSE:WAAREEENER-EQ,2903.1,2400.0,6,3018.6
2024-12-09,NSE:KRN-EQ,842.35,468.86,31,11578.19
2024-12-09,NSE:WAAREEENER-EQ,2971.3,2400.0,6,3427.8
2024-12-10,NSE:KRN-EQ,835.35,468.86,31,11361.19
2024-12-10,NSE:WAAREEENER-EQ,3134.65,2400.0,6,4407.9
2024-12-11,NSE:KRN-EQ,834.0,468.86,31,11319.34
2024-12-11,NSE:WAAREEENER-EQ,3174.7,2400.0,6,4648.2
2024-12-12,NSE:KRN-EQ,798.0,468.86,31,10203.34
2024-12-12,NSE:WAAREEENER-EQ,3292.25,2400.0,6,5353.5
2024-12-13,NSE:KRN-EQ,783.6,468.86,31,9756.94
2024-12-13,NSE:WAAREEENER-EQ,3217.05,2400.0,6,4902.3
2024-12-16,NSE:EIEL-EQ,329.71,316.99,47,597.84
2024-12-16,NSE:KRN-EQ,786.85,468.86,31,9857.69
2024-12-16,NSE:WAAREEENER-EQ,3133.15,2400.0,6,4398.9
2024-12-17,NSE:DEEPINDS-EQ,595.0,576.47,26,481.78
2024-12-17,NSE:EIEL-EQ,380.59,316.99,47,2989.2
2024-12-17,NSE:KRN-EQ,768.7,468.86,31,9295.04
2024-12-17,NSE:WAAREEENER-EQ,3101.0,2400.0,6,4206.0
2024-12-18,NSE:DEEPINDS-EQ,613.5,576.47,26,962.78
2024-12-18,NSE:EIEL-EQ,342.53,316.99,47,1200.38
2024-12-18,NSE:KRN-EQ,759.55,468.86,31,9011.39
2024-12-18,NSE:WAAREEENER-EQ,3042.15,2400.0,6,3852.9
2024-12-19,NSE:DEEPINDS-EQ,601.8,576.47,26,658.58
2024-12-19,NSE:EIEL-EQ,350.43,316.99,47,1571.68
2024-12-19,NSE:IKS-EQ,1960.85,1925.0,7,250.95
2024-12-19,NSE:KRN-EQ,739.15,468.86,31,8378.99
2024-12-19,NSE:WAAREEENER-EQ,3039.1,2400.0,6,3834.6
2024-12-20,NSE:DEEPINDS-EQ,580.7,576.47,26,109.98
2024-12-20,NSE:EIEL-EQ,320.92,316.99,47,184.71
2024-12-20,NSE:IGIL-EQ,471.15,506.0,29,-1010.65
2024-12-20,NSE:IKS-EQ,1885.8,1925.0,7,-274.4
2024-12-20,NSE:KRN-EQ,703.45,468.86,31,7272.29
2024-12-20,NSE:WAAREEENER-EQ,2879.35,2400.0,6,2876.1
2024-12-23,NSE:DEEPINDS-EQ,566.1,576.47,26,-269.62
2024-12-23,NSE:EIEL-EQ,321.86,316.99,47,228.89
2024-12-23,NSE:IGIL-EQ,482.2,506.0,29,-690.2
2024-12-23,NSE:IKS-EQ,1895.8,1925.0,7,-204.4
2024-12-23,NSE:KRN-EQ,710.3,468.86,31,7484.64
2024-12-23,NSE:WAAREEENER-EQ,2932.45,2400.0,6,3194.7
2024-12-24,NSE:DEEPINDS-EQ,585.55,576.47,26,236.08
2024-12-24,NSE:EIEL-EQ,324.68,316.99,47,361.43
2024-12-24,NSE:IGIL-EQ,527.5,506.0,29,623.5
2024-12-24,NSE:IKS-EQ,1921.95,1925.0,7,-21.35
2024-12-24,NSE:KRN-EQ,717.55,468.86,31,7709.39
2024-12-24,NSE:WAAREEENER-EQ,2868.7,2400.0,6,2812.2
2024-12-26,NSE:DEEPINDS-EQ,544.7,576.47,26,-826.02
2024-12-26,NSE:EIEL-EQ,327.37,316.99,47,487.86
2024-12-26,NSE:IGIL-EQ,580.25,506.0,29,2153.25
2024-12-26,NSE:IKS-EQ,2145.7,1925.0,7,1544.9
2024-12-26,NSE:KRN-EQ,704.2,468.86,31,7295.54
2024-12-26,NSE:WAAREEENER-EQ,2823.15,2400.0,6,2538.9
2024-12-27,NSE:DAMCAPITAL-EQ,415.1,400.85,37,527.25
2024-12-27,NSE:DEEPINDS-EQ,550.7,576.47,26,-670.02
2024-12-27,NSE:EIEL-EQ,319.86,316.99,47,134.89
2024-12-27,NSE:IGIL-EQ,586.6,506.0,29,2337.4
2024-12-27,NSE:IKS-EQ,2005.6,1925.0,7,564.2
2024-12-27,NSE:KRN-EQ,731.75,468.86,31,8149.59
2024-12-27,NSE:WAAREEENER-EQ,2790.4,2400.0,6,2342.4
2024-12-30,NSE:DAMCAPITAL-EQ,371.55,400.85,37,-1084.1
2024-12-30,NSE:DEEPINDS-EQ,542.5,576.47,26,-883.22
2024-12-30,NSE:EIEL-EQ,301.91,316.99,47,-708.76
2024-12-30,NSE:IGIL-EQ,554.55,506.0,29,1407.95
2024-12-30,NSE:IKS-EQ,1910.85,1925.0,7,-99.05
2024-12-30,NSE:KRN-EQ,700.7,468.86,31,7187.04
2024-12-30,NSE:SENORES-EQ,557.05,576.7,26,-510.9
2024-12-30,NSE:WAAREEENER-EQ,2775.45,2400.0,6,2252.7
2024-12-31,NSE:DAMCAPITAL-EQ,381.5,400.85,37,-715.95
2024-12-31,NSE:DEEPINDS-EQ,547.25,576.47,26,-759.72
2024-12-31,NSE:EIEL-EQ,311.87,316.99,47,-240.64
2024-12-31,NSE:IGIL-EQ,553.9,506.0,29,1389.1
2024-12-31,NSE:IKS-EQ,1919.5,1925.0,7,-38.5
2024-12-31,NSE:KRN-EQ,700.5,468.86,31,7180.84
2024-12-31,NSE:SENORES-EQ,568.6,576.7,26,-210.6
2024-12-31,NSE:UNIMECH-EQ,1376.25,1353.75,11,247.5
2024-12-31,NSE:WAAREEENER-EQ,2854.6,2400.0,6,2727.6
2025-01-01,NSE:DAMCAPITAL-EQ,382.95,400.85,37,-662.3
2025-01-01,NSE:DEEPINDS-EQ,553.05,576.47,26,-608.92
2025-01-01,NSE:EIEL-EQ,315.0,316.99,47,-93.53
2025-01-01,NSE:IGIL-EQ,594.9,506.0,29,2578.1
2025-01-01,NSE:IKS-EQ,1943.25,1925.0,7,127.75
2025-01-01,NSE:KRN-EQ,769.7,468.86,31,9326.04
2025-01-01,NSE:SENORES-EQ,571.3,576.7,26,-140.4
2025-01-01,NSE:UNIMECH-EQ,1444.2,1353.75,11,994.95
2025-01-01,NSE:WAAREEENER-EQ,2862.2,2400.0,6,2773.2
2025-01-02,NSE:DAMCAPITAL-EQ,396.6,400.85,37,-157.25
2025-01-02,NSE:DEEPINDS-EQ,578.15,576.47,26,43.68
2025-01-02,NSE:EIEL-EQ,316.6,316.99,47,-18.33
2025-01-02,NSE:IGIL-EQ,597.25,506.0,29,2646.25
2025-01-02,NSE:IKS-EQ,1936.35,1925.0,7,79.45
2025-01-02,NSE:KRN-EQ,792.75,468.86,31,10040.59
2025-01-02,NSE:SENORES-EQ,572.9,576.7,26,-98.8
2025-01-02,NSE:UNIMECH-EQ,1457.15,1353.75,11,1137.4
2025-01-02,NSE:WAAREEENER-EQ,2839.1,2400.0,6,2634.6
2025-01-03,NSE:DAMCAPITAL-EQ,404.05,400.85,37,118.4
2025-01-03,NSE:DEEPINDS-EQ,589.65,576.47,26,342.68
2025-01-03,NSE:EIEL-EQ,325.45,316.99,47,397.62
2025-01-03,NSE:IGIL-EQ,615.2,506.0,29,3166.8
2025-01-03,NSE:IKS-EQ,1939.1,1925.0,7,98.7
2025-01-03,NSE:KRN-EQ,795.5,468.86,31,10125.84
2025-01-03,NSE:SENORES-EQ,573.15,576.7,26,-92.3
2025-01-03,NSE:UNIMECH-EQ,1445.15,1353.75,11,1005.4
2025-01-03,NSE:WAAREEENER-EQ,2820.85,2400.0,6,2525.1
2025-01-06,NSE:DAMCAPITAL-EQ,388.0,400.85,37,-475.45
2025-01-06,NSE:DEEPINDS-EQ,564.1,576.47,26,-321.62
2025-01-06,NSE:EIEL-EQ,305.9,316.99,47,-521.23
2025-01-06,NSE:IGIL-EQ,587.0,506.0,29,2349.0
2025-01-06,NSE:IKS-EQ,1867.35,1925.0,7,-403.55
2025-01-06,NSE:KRN-EQ,747.55,468.86,31,8639.39
2025-01-06,NSE:SENORES-EQ,552.9,576.7,26,-618.8
2025-01-06,NSE:UNIMECH-EQ,1344.15,1353.75,11,-105.6
2025-01-06,NSE:WAAREEENER-EQ,2741.6,2400.0,6,2049.6
2025-01-07,NSE:DAMCAPITAL-EQ,402.0,400.85,37,42.55
2025-01-07,NSE:DEEPINDS-EQ,604.9,576.47,26,739.18
2025-01-07,NSE:EIEL-EQ,311.0,316.99,47,-281.53
2025-01-07,NSE:IGIL-EQ,612.5,506.0,29,3088.5
2025-01-07,NSE:IKS-EQ,1973.95,1925.0,7,342.65
2025-01-07,NSE:KRN-EQ,775.4,468.86,31,9502.74
2025-01-07,NSE:SENORES-EQ,559.5,576.7,26,-447.2
2025-01-07,NSE:UNIMECH-EQ,1385.55,1353.75,11,349.8
2025-01-07,NSE:WAAREEENER-EQ,2769.0,2400.0,6,2214.0
2025-01-08,NSE:DAMCAPITAL-EQ,388.45,400.85,37,-458.8
2025-01-08,NSE:DEEPINDS-EQ,605.95,576.47,26,766.48
2025-01-08,NSE:EIEL-EQ,306.4,316.99,47,-497.73
2025-01-08,NSE:IGIL-EQ,620.4,506.0,29,3317.6
2025-01-08,NSE:IKS-EQ,1946.95,1925.0,7,153.65
2025-01-08,NSE:KRN-EQ,760.5,468.86,31,9040.84
2025-01-08,NSE:SENORES-EQ,556.15,576.7,26,-534.3
2025-01-08,NSE:UNIMECH-EQ,1353.9,1353.75,11,1.65
2025-01-08,NSE:WAAREEENER-EQ,2697.65,2400.0,6,1785.9
2025-01-09,NSE:DAMCAPITAL-EQ,381.8,400.85,37,-704.85
2025-01-09,NSE:DEEPINDS-EQ,589.5,576.47,26,338.78
2025-01-09,NSE:EIEL-EQ,294.3,316.99,47,-1066.43
2025-01-09,NSE:IGIL-EQ,602.9,506.0,29,2810.1
2025-01-09,NSE:IKS-EQ,1954.05,1925.0,7,203.35
2025-01-09,NSE:KRN-EQ,731.2,468.86,31,8132.54
2025-01-09,NSE:SENORES-EQ,531.2,576.7,26,-1183.0
2025-01-09,NSE:UNIMECH-EQ,1301.45,1353.75,11,-575.3
2025-01-09,NSE:WAAREEENER-EQ,2600.4,2400.0,6,1202.4
2025-01-10,NSE:DAMCAPITAL-EQ,357.2,400.85,37,-1615.05
2025-01-10,NSE:DEEPINDS-EQ,572.5,576.47,26,-103.22
2025-01-10,NSE:EIEL-EQ,285.7,316.99,47,-1470.63
2025-01-10,NSE:IGIL-EQ,585.85,506.0,29,2315.65
2025-01-10,NSE:IKS-EQ,1914.35,1925.0,7,-74.55
2025-01-10,NSE:KRN-EQ,706.95,468.86,31,7380.79
2025-01-10,NSE:SAGILITY-EQ,49.74,50.01,299,-80.73
2025-01-10,NSE:SENORES-EQ,502.85,576.7,26,-1920.1
2025-01-10,NSE:UNIMECH-EQ,1272.05,1353.75,11,-898.7
2025-01-10,NSE:WAAREEENER-EQ,2565.0,2400.0,6,990.0
2025-01-13,NSE:DAMCAPITAL-EQ,326.8,400.85,37,-2739.85
2025-01-13,NSE:DEEPINDS-EQ,544.95,576.47,26,-819.52
2025-01-13,NSE:EIEL-EQ,266.45,316.99,47,-2375.38
2025-01-13,NSE:IGIL-EQ,548.7,506.0,29,1238.3
2025-01-13,NSE:IKS-EQ,1867.65,1925.0,7,-401.45
2025-01-13,NSE:KRN-EQ,711.5,468.86,31,7521.84
2025-01-13,NSE:SAGILITY-EQ,49.1,50.01,299,-272.09
2025-01-13,NSE:SENORES-EQ,444.3,576.7,26,-3442.4
2025-01-13,NSE:UNIMECH-EQ,1239.55,1353.75,11,-1256.2
2025-01-13,NSE:WAAREEENER-EQ,2487.2,2400.0,6,523.2
2025-01-14,NSE:DAMCAPITAL-EQ,344.6,400.85,37,-2081.25
2025-01-14,NSE:DEEPINDS-EQ,543.0,576.47,26,-870.22
2025-01-14,NSE:EIEL-EQ,280.1,316.99,47,-1733.83
2025-01-14,NSE:IGIL-EQ,548.85,506.0,29,1242.65
2025-01-14,NSE:IKS-EQ,1936.7,1925.0,7,81.9
2025-01-14,NSE:KRN-EQ,735.3,468.86,31,8259.64
2025-01-14,NSE:SAGILITY-EQ,48.23,50.01,299,-532.22
2025-01-14,NSE:SENORES-EQ,464.75,576.7,26,-2910.7
2025-01-14,NSE:UNIMECH-EQ,1250.15,1353.75,11,-1139.6
2025-01-14,NSE:WAAREEENER-EQ,2617.1,2400.0,6,1302.6
2025-01-15,NSE:DAMCAPITAL-EQ,339.8,400.85,37,-2258.85
2025-01-15,NSE:DEEPINDS-EQ,538.6,576.47,26,-984.62
2025-01-15,NSE:EIEL-EQ,276.7,316.99,47,-1893.63
2025-01-15,NSE:IGIL-EQ,540.05,506.0,29,987.45
2025-01-15,NSE:IKS-EQ,1917.95,1925.0,7,-49.35
2025-01-15,NSE:KRN-EQ,728.55,468.86,31,8050.39
2025-01-15,NSE:SAGILITY-EQ,46.81,50.01,299,-956.8
2025-01-15,NSE:SENORES-EQ,470.5,576.7,26,-2761.2
2025-01-15,NSE:UNIMECH-EQ,1224.8,1353.75,11,-1418.45
2025-01-15,NSE:WAAREEENER-EQ,2609.9,2400.0,6,1259.4
2025-01-16,NSE:DAMCAPITAL-EQ,341.85,400.85,37,-2183.0
2025-01-16,NSE:DEEPINDS-EQ,561.15,576.47,26,-398.32
2025-01-16,NSE:EIEL-EQ,279.5,316.99,47,-1762.03
2025-01-16,NSE:IGIL-EQ,546.1,506.0,29,1162.9
2025-01-16,NSE:IKS-EQ,1862.85,1925.0,7,-435.05
2025-01-16,NSE:KRN-EQ,732.25,468.86,31,8165.09
2025-01-16,NSE:SAGILITY-EQ,49.08,50.01,299,-278.07
2025-01-16,NSE:SENORES-EQ,510.8,576.7,26,-1713.4
2025-01-16,NSE:UNIMECH-EQ,1268.1,1353.75,11,-942.15
2025-01-16,NSE:WAAREEENER-EQ,2648.5,2400.0,6,1491.0
2025-01-17,NSE:DAMCAPITAL-EQ,338.45,400.85,37,-2308.8
2025-01-17,NSE:DEEPINDS-EQ,585.6,576.47,26,237.38
2025-01-17,NSE:EIEL-EQ,275.95,316.99,47,-1928.88
2025-01-17,NSE:IGIL-EQ,518.1,506.0,29,350.9
2025-01-17,NSE:IKS-EQ,1871.95,1925.0,7,-371.35
2025-01-17,NSE:KRN-EQ,753.45,468.86,31,8822.29
2025-01-17,NSE:SAGILITY-EQ,48.7,50.01,299,-391.69
2025-01-17,NSE:SENORES-EQ,525.4,576.7,26,-1333.8
2025-01-17,NSE:UNIMECH-EQ,1304.45,1353.75,11,-542.3
2025-01-17,NSE:WAAREEENER-EQ,2605.3,2400.0,6,1231.8
2025-01-20,NSE:DAMCAPITAL-EQ,330.5,400.85,37,-2602.95
2025-01-20,NSE:DEEPINDS-EQ,585.0,576.47,26,221.78
2025-01-20,NSE:EIEL-EQ,275.85,316.99,47,-1933.58
2025-01-20,NSE:IGIL-EQ,522.0,506.0,29,464.0
2025-01-20,NSE:IKS-EQ,1925.65,1925.0,7,4.55
2025-01-20,NSE:KRN-EQ,828.75,468.86,31,11156.59
2025-01-20,NSE:SAGILITY-EQ,47.77,50.01,299,-669.76
2025-01-20,NSE:SENORES-EQ,525.3,576.7,26,-1336.4
2025-01-20,NSE:UNIMECH-EQ,1281.85,1353.75,11,-790.9
2025-01-20,NSE:WAAREEENER-EQ,2634.6,2400.0,6,1407.6
2025-01-21,NSE:DAMCAPITAL-EQ,309.2,400.85,37,-3391.05
2025-01-21,NSE:DEEPINDS-EQ,575.5,576.47,26,-25.22
2025-01-21,NSE:EIEL-EQ,265.1,316.99,47,-2438.83
2025-01-21,NSE:IGIL-EQ,509.5,506.0,29,101.5
2025-01-21,NSE:IKS-EQ,1884.95,1925.0,7,-280.35
2025-01-21,NSE:KRN-EQ,846.7,468.86,31,11713.04
2025-01-21,NSE:SAGILITY-EQ,48.7,50.01,299,-391.69
2025-01-21,NSE:SENORES-EQ,510.15,576.7,26,-1730.3
2025-01-21,NSE:UNIMECH-EQ,1280.2,1353.75,11,-809.05
2025-01-21,NSE:WAAREEENER-EQ,2673.4,2400.0,6,1640.4
2025-01-22,NSE:DAMCAPITAL-EQ,300.75,400.85,37,-3703.7
2025-01-22,NSE:DEEPINDS-EQ,558.75,576.47,26,-460.72
2025-01-22,NSE:EIEL-EQ,257.25,316.99,47,-2807.78
2025-01-22,NSE:IGIL-EQ,520.4,506.0,29,417.6
2025-01-22,NSE:IKS-EQ,1848.5,1925.0,7,-535.5
2025-01-22,NSE:KRN-EQ,831.1,468.86,31,11229.44
2025-01-22,NSE:SAGILITY-EQ,46.54,50.01,299,-1037.53
2025-01-22,NSE:SENORES-EQ,498.5,576.7,26,-2033.2
2025-01-22,NSE:UNIMECH-EQ,1259.5,1353.75,11,-1036.75
2025-01-22,NSE:WAAREEENER-EQ,2425.1,2400.0,6,150.6
2025-01-23,NSE:DAMCAPITAL-EQ,284.75,400.85,37,-4295.7
2025-01-23,NSE:DEEPINDS-EQ,543.6,576.47,26,-854.62
2025-01-23,NSE:EIEL-EQ,262.45,316.99,47,-2563.38
2025-01-23,NSE:IGIL-EQ,548.35,506.0,29,1228.15
2025-01-23,NSE:IKS-EQ,1821.3,1925.0,7,-725.9
2025-01-23,NSE:KRN-EQ,842.95,468.86,31,11596.79
2025-01-23,NSE:SAGILITY-EQ,46.97,50.01,299,-908.96
2025-01-23,NSE:SENORES-EQ,542.15,576.7,26,-898.3
2025-01-23,NSE:UNIMECH-EQ,1238.2,1353.75,11,-1271.05
2025-01-23,NSE:WAAREEENER-EQ,2343.4,2400.0,6,-339.6
2025-01-24,NSE:DAMCAPITAL-EQ,279.95,400.85,37,-4473.3
2025-01-24,NSE:DEEPINDS-EQ,526.2,576.47,26,-1307.02
2025-01-24,NSE:EIEL-EQ,249.25,316.99,47,-3183.78
2025-01-24,NSE:IGIL-EQ,522.35,506.0,29,474.15
2025-01-24,NSE:IKS-EQ,1779.8,1925.0,7,-1016.4
2025-01-24,NSE:KRN-EQ,809.6,468.86,31,10562.94
2025-01-24,NSE:SAGILITY-EQ,47.98,50.01,299,-606.97
2025-01-24,NSE:SENORES-EQ,560.65,576.7,26,-417.3
2025-01-24,NSE:UNIMECH-EQ,1180.6,1353.75,11,-1904.65
2025-01-24,NSE:WAAREEENER-EQ,2241.7,2400.0,6,-949.8
2025-01-27,NSE:DAMCAPITAL-EQ,288.15,400.85,37,-4169.9
2025-01-27,NSE:DEEPINDS-EQ,490.7,576.47,26,-2230.02
2025-01-27,NSE:EIEL-EQ,237.05,316.99,47,-3757.18
2025-01-27,NSE:IGIL-EQ,484.95,506.0,29,-610.45
2025-01-27,NSE:IKS-EQ,1568.25,1925.0,7,-2497.25
2025-01-27,NSE:KRN-EQ,737.55,468.86,31,8329.39
2025-01-27,NSE:SAGILITY-EQ,45.58,50.01,299,-1324.57
2025-01-27,NSE:SENORES-EQ,508.25,576.7,26,-1779.7
2025-01-27,NSE:UNIMECH-EQ,1216.2,1353.75,11,-1513.05
2025-01-27,NSE:WAAREEENER-EQ,2196.15,2400.0,6,-1223.1
2025-01-28,NSE:DAMCAPITAL-EQ,295.35,400.85,37,-3903.5
2025-01-28,NSE:DEEPINDS-EQ,492.7,576.47,26,-2178.02
2025-01-28,NSE:EIEL-EQ,240.15,316.99,47,-3611.48
2025-01-28,NSE:IGIL-EQ,496.5,506.0,29,-275.5
2025-01-28,NSE:IKS-EQ,1559.85,1925.0,7,-2556.05
2025-01-28,NSE:KRN-EQ,764.1,468.86,31,9152.44
2025-01-28,NSE:SAGILITY-EQ,43.3,50.01,299,-2006.29
2025-01-28,NSE:SENORES-EQ,502.4,576.7,26,-1931.8
2025-01-28,NSE:UNIMECH-EQ,1210.7,1353.75,11,-1573.55
2025-01-28,NSE:WAAREEENER-EQ,2091.95,2400.0,6,-1848.3
2025-01-29,NSE:DAMCAPITAL-EQ,302.8,400.85,37,-3627.85
2025-01-29,NSE:DEEPINDS-EQ,513.8,576.47,26,-1629.42
2025-01-29,NSE:EIEL-EQ,260.1,316.99,47,-2673.83
2025-01-29,NSE:IGIL-EQ,514.75,506.0,29,253.75
2025-01-29,NSE:IKS-EQ,1743.75,1925.0,7,-1268.75
2025-01-29,NSE:KRN-EQ,821.6,468.86,31,10934.94
2025-01-29,NSE:SAGILITY-EQ,45.46,50.01,299,-1360.45
2025-01-29,NSE:SENORES-EQ,513.4,576.7,26,-1645.8
2025-01-29,NSE:UNIMECH-EQ,1306.2,1353.75,11,-523.05
2025-01-29,NSE:WAAREEENER-EQ,2207.55,2400.0,6,-1154.7
2025-01-30,NSE:DAMCAPITAL-EQ,300.3,400.85,37,-3720.35
2025-01-30,NSE:DEEPINDS-EQ,544.65,576.47,26,-827.32
2025-01-30,NSE:EIEL-EQ,254.25,316.99,47,-2948.78
2025-01-30,NSE:IGIL-EQ,508.55,506.0,29,73.95
2025-01-30,NSE:IKS-EQ,1748.7,1925.0,7,-1234.1
2025-01-30,NSE:KRN-EQ,788.1,468.86,31,9896.44
2025-01-30,NSE:SAGILITY-EQ,47.72,50.01,299,-684.71
2025-01-30,NSE:SENORES-EQ,540.65,576.7,26,-937.3
2025-01-30,NSE:UNIMECH-EQ,1274.45,1353.75,11,-872.3
2025-01-30,NSE:WAAREEENER-EQ,2197.1,2400.0,6,-1217.4
2025-01-31,NSE:DAMCAPITAL-EQ,307.75,400.85,37,-3444.7
2025-01-31,NSE:DEEPINDS-EQ,562.4,576.47,26,-365.82
2025-01-31,NSE:EIEL-EQ,261.15,316.99,47,-2624.48
2025-01-31,NSE:IGIL-EQ,506.6,506.0,29,17.4
2025-01-31,NSE:IKS-EQ,1761.15,1925.0,7,-1146.95
2025-01-31,NSE:KRN-EQ,794.2,468.86,31,10085.54
2025-01-31,NSE:SAGILITY-EQ,49.61,50.01,299,-119.6
2025-01-31,NSE:SENORES-EQ,549.85,576.7,26,-698.1
2025-01-31,NSE:UNIMECH-EQ,1254.35,1353.75,11,-1093.4
2025-01-31,NSE:WAAREEENER-EQ,2392.7,2400.0,6,-43.8
2025-02-01,NSE:DAMCAPITAL-EQ,306.35,400.85,37,-3496.5
2025-02-01,NSE:DEEPINDS-EQ,560.05,576.47,26,-426.92
2025-02-01,NSE:EIEL-EQ,257.45,316.99,47,-2798.38
2025-02-01,NSE:IGIL-EQ,512.7,506.0,29,194.3
2025-02-01,NSE:IKS-EQ,1722.25,1925.0,7,-1419.25
2025-02-01,NSE:KRN-EQ,863.1,468.86,31,12221.44
2025-02-01,NSE:SAGILITY-EQ,48.6,50.01,299,-421.59
2025-02-01,NSE:SENORES-EQ,534.05,576.7,26,-1108.9
2025-02-01,NSE:UNIMECH-EQ,1279.3,1353.75,11,-818.95
2025-02-01,NSE:WAAREEENER-EQ,2402.8,2400.0,6,16.8
2025-02-03,NSE:DAMCAPITAL-EQ,292.75,400.85,37,-3999.7
2025-02-03,NSE:DEEPINDS-EQ,537.5,576.47,26,-1013.22
2025-02-03,NSE:EIEL-EQ,247.55,316.99,47,-3263.68
2025-02-03,NSE:IGIL-EQ,509.25,506.0,29,94.25
2025-02-03,NSE:IKS-EQ,1729.2,1925.0,7,-1370.6
2025-02-03,NSE:KRN-EQ,916.8,543.08,37,13827.7
2025-02-03,NSE:SAGILITY-EQ,50.32,50.01,299,92.69
2025-02-03,NSE:SENORES-EQ,510.75,576.7,26,-1714.7
2025-02-03,NSE:UNIMECH-EQ,1237.3,1353.75,11,-1280.95
2025-02-03,NSE:WAAREEENER-EQ,2334.4,2400.0,6,-393.6
2025-02-04,NSE:DAMCAPITAL-EQ,302.8,400.85,37,-3627.85
2025-02-04,NSE:DEEPINDS-EQ,542.2,576.47,26,-891.02
2025-02-04,NSE:EIEL-EQ,254.3,316.99,47,-2946.43
2025-02-04,NSE:IGIL-EQ,530.45,506.0,29,709.05
2025-02-04,NSE:IKS-EQ,1724.05,1925.0,7,-1406.65
2025-02-04,NSE:KRN-EQ,933.45,543.08,37,14443.75
2025-02-04,NSE:SAGILITY-EQ,50.2,50.01,299,56.81
2025-02-04,NSE:SENORES-EQ,532.05,576.7,26,-1160.9
2025-02-04,NSE:UNIMECH-EQ,1222.9,1353.75,11,-1439.35
2025-02-04,NSE:WAAREEENER-EQ,2353.3,2400.0,6,-280.2
2025-02-05,NSE:DAMCAPITAL-EQ,304.3,400.85,37,-3572.35
2025-02-05,NSE:DEEPINDS-EQ,549.1,576.47,26,-711.62
2025-02-05,NSE:EIEL-EQ,262.75,316.99,47,-2549.28
2025-02-05,NSE:IGIL-EQ,504.8,506.0,29,-34.8
2025-02-05,NSE:IKS-EQ,1751.9,1925.0,7,-1211.7
2025-02-05,NSE:KRN-EQ,889.05,543.08,37,12800.95
2025-02-05,NSE:SAGILITY-EQ,50.22,50.01,299,62.79
2025-02-05,NSE:SENORES-EQ,549.1,576.7,26,-717.6
2025-02-05,NSE:UNIMECH-EQ,1254.05,1353.75,11,-1096.7
2025-02-05,NSE:WAAREEENER-EQ,2381.75,2400.0,6,-109.5
2025-02-06,NSE:DAMCAPITAL-EQ,301.65,400.85,37,-3670.4
2025-02-06,NSE:DEEPINDS-EQ,565.2,576.47,26,-293.02
2025-02-06,NSE:EIEL-EQ,283.4,316.99,47,-1578.73
2025-02-06,NSE:IGIL-EQ,500.5,506.0,29,-159.5
2025-02-06,NSE:IKS-EQ,1705.75,1925.0,7,-1534.75
2025-02-06,NSE:KRN-EQ,970.25,592.93,42,15847.35
2025-02-06,NSE:SAGILITY-EQ,52.73,50.01,299,813.28
2025-02-06,NSE:SENORES-EQ,607.35,576.7,26,796.9
2025-02-06,NSE:UNIMECH-EQ,1242.75,1353.75,11,-1221.0
2025-02-06,NSE:WAAREEENER-EQ,2329.15,2400.0,6,-425.1
2025-02-07,NSE:DAMCAPITAL-EQ,294.9,400.85,37,-3920.15
2025-02-07,NSE:DEEPINDS-EQ,575.05,576.47,26,-36.92
2025-02-07,NSE:EIEL-EQ,278.85,316.99,47,-1792.58
2025-02-07,NSE:IGIL-EQ,493.35,506.0,29,-366.85
2025-02-07,NSE:IKS-EQ,1740.7,1925.0,7,-1290.1
2025-02-07,NSE:KRN-EQ,938.6,592.93,42,14518.05
2025-02-07,NSE:SAGILITY-EQ,52.62,50.01,299,780.39
2025-02-07,NSE:SENORES-EQ,588.65,576.7,26,310.7
2025-02-07,NSE:UNIMECH-EQ,1215.0,1353.75,11,-1526.25
2025-02-07,NSE:WAAREEENER-EQ,2298.3,2400.0,6,-610.2
2025-02-10,NSE:DAMCAPITAL-EQ,280.65,400.85,37,-4447.4
2025-02-10,NSE:DEEPINDS-EQ,543.85,576.47,26,-848.12
2025-02-10,NSE:EIEL-EQ,260.2,316.99,47,-2669.13
2025-02-10,NSE:IGIL-EQ,480.8,506.0,29,-730.8
2025-02-10,NSE:IKS-EQ,1699.5,1925.0,7,-1578.5
2025-02-10,NSE:KRN-EQ,882.15,592.93,42,12147.15
2025-02-10,NSE:SAGILITY-EQ,50.01,50.01,299,0.0
2025-02-10,NSE:SENORES-EQ,551.2,576.7,26,-663.0
2025-02-10,NSE:UNIMECH-EQ,1191.45,1353.75,11,-1785.3
2025-02-10,NSE:WAAREEENER-EQ,2268.3,2400.0,6,-790.2
2025-02-11,NSE:DAMCAPITAL-EQ,267.95,400.85,37,-4917.3
2025-02-11,NSE:DEEPINDS-EQ,529.55,576.47,26,-1219.92
2025-02-11,NSE:EIEL-EQ,245.4,316.99,47,-3364.73
2025-02-11,NSE:IGIL-EQ,457.15,506.0,29,-1416.65
2025-02-11,NSE:IKS-EQ,1665.45,1925.0,7,-1816.85
2025-02-11,NSE:KRN-EQ,824.6,592.93,42,9730.05
2025-02-11,NSE:SAGILITY-EQ,48.83,50.01,299,-352.82
2025-02-11,NSE:SENORES-EQ,514.9,576.7,26,-1606.8
2025-02-11,NSE:UNIMECH-EQ,1171.4,1353.75,11,-2005.85
2025-02-11,NSE:WAAREEENER-EQ,2166.3,2400.0,6,-1402.2
2025-02-12,NSE:DAMCAPITAL-EQ,266.35,400.85,37,-4976.5
2025-02-12,NSE:DEEPINDS-EQ,516.2,576.47,26,-1567.02
2025-02-12,NSE:EIEL-EQ,249.8,316.99,47,-3157.93
2025-02-12,NSE:IGIL-EQ,458.45,506.0,29,-1378.95
2025-02-12,NSE:IKS-EQ,1748.35,1925.0,7,-1236.55
2025-02-12,NSE:KRN-EQ,857.75,592.93,42,11122.35
2025-02-12,NSE:SAGILITY-EQ,49.51,50.01,299,-149.5
2025-02-12,NSE:SENORES-EQ,530.1,576.7,26,-1211.6
2025-02-12,NSE:UNIMECH-EQ,1191.65,1353.75,11,-1783.1
2025-02-12,NSE:WAAREEENER-EQ,2190.8,2400.0,6,-1255.2
2025-02-13,NSE:DAMCAPITAL-EQ,264.15,400.85,37,-5057.9
2025-02-13,NSE:DEEPINDS-EQ,508.5,576.47,26,-1767.22
2025-02-13,NSE:EIEL-EQ,244.0,316.99,47,-3430.53
2025-02-13,NSE:IGIL-EQ,471.25,506.0,29,-1007.75
2025-02-13,NSE:IKS-EQ,1727.3,1925.0,7,-1383.9
2025-02-13,NSE:KRN-EQ,887.8,592.93,42,12384.45
2025-02-13,NSE:SAGILITY-EQ,49.88,50.01,299,-38.87
2025-02-13,NSE:SENORES-EQ,540.3,576.7,26,-946.4
2025-02-13,NSE:UNIMECH-EQ,1198.0,1353.75,11,-1713.25
2025-02-13,NSE:WAAREEENER-EQ,2194.05,2400.0,6,-1235.7
2025-02-14,NSE:DAMCAPITAL-EQ,256.0,400.85,37,-5359.45
2025-02-14,NSE:DEEPINDS-EQ,470.7,576.47,26,-2750.02
2025-02-14,NSE:EIEL-EQ,228.8,316.99,47,-4144.93
2025-02-14,NSE:IGIL-EQ,452.3,506.0,29,-1557.3
2025-02-14,NSE:IKS-EQ,1657.15,1925.0,7,-1874.95
2025-02-14,NSE:KRN-EQ,840.45,592.93,42,10395.75
2025-02-14,NSE:SAGILITY-EQ,47.41,50.01,299,-777.4
2025-02-14,NSE:SENORES-EQ,515.0,576.7,26,-1604.2
2025-02-14,NSE:UNIMECH-EQ,1143.7,1353.75,11,-2310.55
2025-02-14,NSE:WAAREEENER-EQ,2103.9,2400.0,6,-1776.6
2025-02-17,NSE:DAMCAPITAL-EQ,250.5,400.85,37,-5562.95
2025-02-17,NSE:DEEPINDS-EQ,473.25,576.47,26,-2683.72
2025-02-17,NSE:EIEL-EQ,237.55,316.99,47,-3733.68
2025-02-17,NSE:IGIL-EQ,432.95,506.0,29,-2118.45
2025-02-17,NSE:IKS-EQ,1688.35,1925.0,7,-1656.55
2025-02-17,NSE:KRN-EQ,795.45,592.93,42,8505.75
2025-02-17,NSE:SAGILITY-EQ,47.9,50.01,299,-630.89
2025-02-17,NSE:SENORES-EQ,527.4,576.7,26,-1281.8
2025-02-17,NSE:UNIMECH-EQ,1055.1,1353.75,11,-3285.15
2025-02-17,NSE:WAAREEENER-EQ,2173.6,2400.0,6,-1358.4
2025-02-18,NSE:DAMCAPITAL-EQ,244.3,400.85,37,-5792.35
2025-02-18,NSE:DEEPINDS-EQ,471.6,576.47,26,-2726.62
2025-02-18,NSE:EIEL-EQ,236.15,316.99,47,-3799.48
2025-02-18,NSE:IGIL-EQ,427.2,506.0,29,-2285.2
2025-02-18,NSE:IKS-EQ,1689.15,1925.0,7,-1650.95
2025-02-18,NSE:KRN-EQ,750.6,592.93,42,6622.05
2025-02-18,NSE:SAGILITY-EQ,46.59,50.01,299,-1022.58
2025-02-18,NSE:SENORES-EQ,512.75,576.7,26,-1662.7
2025-02-18,NSE:UNIMECH-EQ,992.5,1353.75,11,-3973.75
2025-02-18,NSE:WAAREEENER-EQ,2164.6,2400.0,6,-1412.4
2025-02-19,NSE:DAMCAPITAL-EQ,251.1,400.85,37,-5540.75
2025-02-19,NSE:DEEPINDS-EQ,482.2,576.47,26,-2451.02
2025-02-19,NSE:EIEL-EQ,240.55,316.99,47,-3592.68
2025-02-19,NSE:IGIL-EQ,430.45,506.0,29,-2190.95
2025-02-19,NSE:IKS-EQ,1750.75,1925.0,7,-1219.75
2025-02-19,NSE:KRN-EQ,854.45,592.93,42,10983.75
2025-02-19,NSE:SAGILITY-EQ,47.22,50.01,299,-834.21
2025-02-19,NSE:SENORES-EQ,515.75,576.7,26,-1584.7
2025-02-19,NSE:UNIMECH-EQ,1029.95,1353.75,11,-3561.8
2025-02-19,NSE:WAAREEENER-EQ,2220.3,2400.0,6,-1078.2
2025-02-20,NSE:DAMCAPITAL-EQ,255.3,400.85,37,-5385.35
2025-02-20,NSE:DEEPINDS-EQ,506.65,576.47,26,-1815.32
2025-02-20,NSE:EIEL-EQ,242.5,316.99,47,-3501.03
2025-02-20,NSE:IGIL-EQ,446.1,506.0,29,-1737.1
2025-02-20,NSE:IKS-EQ,1803.75,1925.0,7,-848.75
2025-02-20,NSE:KRN-EQ,862.8,592.93,42,11334.45
2025-02-20,NSE:SAGILITY-EQ,46.25,50.01,299,-1124.24
2025-02-20,NSE:SENORES-EQ,533.8,576.7,26,-1115.4
2025-02-20,NSE:UNIMECH-EQ,1044.85,1353.75,11,-3397.9
2025-02-20,NSE:WAAREEENER-EQ,2309.3,2400.0,6,-544.2
2025-02-21,NSE:DAMCAPITAL-EQ,244.1,400.85,37,-5799.75
2025-02-21,NSE:DEEPINDS-EQ,486.0,576.47,26,-2352.22
2025-02-21,NSE:EIEL-EQ,234.65,316.99,47,-3869.98
2025-02-21,NSE:IGIL-EQ,418.5,506.0,29,-2537.5
2025-02-21,NSE:IKS-EQ,1843.5,1925.0,7,-570.5
2025-02-21,NSE:KRN-EQ,845.95,592.93,42,10626.75
2025-02-21,NSE:SAGILITY-EQ,45.69,50.01,299,-1291.68
2025-02-21,NSE:SENORES-EQ,562.35,576.7,26,-373.1
2025-02-21,NSE:UNIMECH-EQ,1016.7,1353.75,11,-3707.55
2025-02-21,NSE:WAAREEENER-EQ,2260.7,2400.0,6,-835.8
2025-02-24,NSE:DAMCAPITAL-EQ,237.35,400.85,37,-6049.5
2025-02-24,NSE:DEEPINDS-EQ,498.95,576.47,26,-2015.52
2025-02-24,NSE:EIEL-EQ,229.9,316.99,47,-4093.23
2025-02-24,NSE:IGIL-EQ,414.95,506.0,29,-2640.45
2025-02-24,NSE:IKS-EQ,1846.95,1925.0,7,-546.35
2025-02-24,NSE:KRN-EQ,849.25,592.93,42,10765.35
2025-02-24,NSE:SAGILITY-EQ,44.29,50.01,299,-1710.28
2025-02-24,NSE:SENORES-EQ,556.3,576.7,26,-530.4
2025-02-24,NSE:UNIMECH-EQ,1013.2,1353.75,11,-3746.05
2025-02-24,NSE:WAAREEENER-EQ,2232.85,2400.0,6,-1002.9
2025-02-25,NSE:DAMCAPITAL-EQ,226.8,400.85,37,-6439.85
2025-02-25,NSE:DEEPINDS-EQ,491.55,576.47,26,-2207.92
2025-02-25,NSE:EIEL-EQ,221.2,316.99,47,-4502.13
2025-02-25,NSE:IGIL-EQ,406.85,506.0,29,-2875.35
2025-02-25,NSE:IKS-EQ,1915.15,1925.0,7,-68.95
2025-02-25,NSE:KRN-EQ,888.05,592.93,42,12394.95
2025-02-25,NSE:SAGILITY-EQ,44.97,50.01,299,-1506.96
2025-02-25,NSE:SENORES-EQ,548.65,576.7,26,-729.3
2025-02-25,NSE:UNIMECH-EQ,976.75,1353.75,11,-4147.0
2025-02-25,NSE:WAAREEENER-EQ,2268.75,2400.0,6,-787.5
2025-02-27,NSE:DAMCAPITAL-EQ,223.7,400.85,37,-6554.55
2025-02-27,NSE:DEEPINDS-EQ,461.7,576.47,26,-2984.02
2025-02-27,NSE:EIEL-EQ,201.85,316.99,47,-5411.58
2025-02-27,NSE:IGIL-EQ,398.15,506.0,29,-3127.65
2025-02-27,NSE:IKS-EQ,1836.45,1925.0,7,-619.85
2025-02-27,NSE:KRN-EQ,914.05,592.93,42,13486.95
2025-02-27,NSE:SAGILITY-EQ,43.07,50.01,299,-2075.06
2025-02-27,NSE:SENORES-EQ,567.6,576.7,26,-236.6
2025-02-27,NSE:UNIMECH-EQ,941.95,1353.75,11,-4529.8
2025-02-27,NSE:WAAREEENER-EQ,2212.9,2400.0,6,-1122.6
2025-02-28,NSE:DAMCAPITAL-EQ,216.2,400.85,37,-6832.05
2025-02-28,NSE:DEEPINDS-EQ,433.7,576.47,26,-3712.02
2025-02-28,NSE:EIEL-EQ,206.85,316.99,47,-5176.58
2025-02-28,NSE:IGIL-EQ,406.95,506.0,29,-2872.45
2025-02-28,NSE:IKS-EQ,1794.75,1925.0,7,-911.75
2025-02-28,NSE:KRN-EQ,873.35,592.93,42,11777.55
2025-02-28,NSE:SAGILITY-EQ,42.86,50.01,299,-2137.85
2025-02-28,NSE:SENORES-EQ,544.85,576.7,26,-828.1
2025-02-28,NSE:UNIMECH-EQ,914.05,1353.75,11,-4836.7
2025-02-28,NSE:WAAREEENER-EQ,2158.55,2400.0,6,-1448.7
2025-03-03,NSE:DAMCAPITAL-EQ,207.81,400.85,37,-7142.48
2025-03-03,NSE:DEEPINDS-EQ,431.5,576.47,26,-3769.22
2025-03-03,NSE:EIEL-EQ,195.9,316.99,47,-5691.23
2025-03-03,NSE:IGIL-EQ,366.25,506.0,29,-4052.75
2025-03-03,NSE:IKS-EQ,1786.6,1925.0,7,-968.8
2025-03-03,NSE:KRN-EQ,873.65,592.93,42,11790.15
2025-03-03,NSE:SAGILITY-EQ,41.98,50.01,299,-2400.97
2025-03-03,NSE:SENORES-EQ,530.5,576.7,26,-1201.2
2025-03-03,NSE:UNIMECH-EQ,955.0,1353.75,11,-4386.25
2025-03-03,NSE:WAAREEENER-EQ,2116.05,2400.0,6,-1703.7
2025-03-04,NSE:DAMCAPITAL-EQ,202.29,400.85,37,-7346.72
2025-03-04,NSE:DEEPINDS-EQ,422.95,576.47,26,-3991.52
2025-03-04,NSE:EIEL-EQ,205.65,316.99,47,-5232.98
2025-03-04,NSE:IGIL-EQ,331.45,506.0,29,-5061.95
2025-03-04,NSE:IKS-EQ,1750.6,1925.0,7,-1220.8
2025-03-04,NSE:KRN-EQ,923.1,592.93,42,13867.05
2025-03-04,NSE:SAGILITY-EQ,42.59,50.01,299,-2218.58
2025-03-04,NSE:SENORES-EQ,562.5,576.7,26,-369.2
2025-03-04,NSE:UNIMECH-EQ,918.65,1353.75,11,-4786.1
2025-03-04,NSE:WAAREEENER-EQ,2109.45,2400.0,6,-1743.3
2025-03-05,NSE:DAMCAPITAL-EQ,206.84,400.85,37,-7178.37
2025-03-05,NSE:DEEPINDS-EQ,448.2,576.47,26,-3335.02
2025-03-05,NSE:EIEL-EQ,210.28,316.99,47,-5015.37
2025-03-05,NSE:IGIL-EQ,325.6,506.0,29,-5231.6
2025-03-05,NSE:IKS-EQ,1778.75,1925.0,7,-1023.75
2025-03-05,NSE:KRN-EQ,940.2,592.93,42,14585.25
2025-03-05,NSE:SAGILITY-EQ,44.0,50.01,299,-1796.99
2025-03-05,NSE:SENORES-EQ,596.75,576.7,26,521.3
2025-03-05,NSE:UNIMECH-EQ,950.5,1353.75,11,-4435.75
2025-03-05,NSE:WAAREEENER-EQ,2224.8,2400.0,6,-1051.2
2025-03-06,NSE:DAMCAPITAL-EQ,213.89,400.85,37,-6917.52
2025-03-06,NSE:DEEPINDS-EQ,455.5,576.47,26,-3145.22
2025-03-06,NSE:EIEL-EQ,207.62,316.99,47,-5140.39
2025-03-06,NSE:IGIL-EQ,332.25,506.0,29,-5038.75
2025-03-06,NSE:IKS-EQ,1789.7,1925.0,7,-947.1
2025-03-06,NSE:KRN-EQ,934.55,592.93,42,14347.95
2025-03-06,NSE:SAGILITY-EQ,44.04,50.01,299,-1785.03
2025-03-06,NSE:SENORES-EQ,593.3,576.7,26,431.6
2025-03-06,NSE:UNIMECH-EQ,943.85,1353.75,11,-4508.9
2025-03-06,NSE:WAAREEENER-EQ,2209.9,2400.0,6,-1140.6
2025-03-07,NSE:DAMCAPITAL-EQ,223.5,400.85,37,-6561.95
2025-03-07,NSE:DEEPINDS-EQ,473.85,576.47,26,-2668.12
2025-03-07,NSE:EIEL-EQ,208.23,316.99,47,-5111.72
2025-03-07,NSE:IGIL-EQ,328.9,506.0,29,-5135.9
2025-03-07,NSE:IKS-EQ,1732.15,1925.0,7,-1349.95
2025-03-07,NSE:KRN-EQ,934.9,592.93,42,14362.65
2025-03-07,NSE:SAGILITY-EQ,43.95,50.01,299,-1811.94
2025-03-07,NSE:SENORES-EQ,568.25,576.7,26,-219.7
2025-03-07,NSE:UNIMECH-EQ,934.9,1353.75,11,-4607.35
2025-03-07,NSE:WAAREEENER-EQ,2226.1,2400.0,6,-1043.4
2025-03-10,NSE:DAMCAPITAL-EQ,216.89,400.85,37,-6806.52
2025-03-10,NSE:DEEPINDS-EQ,450.75,576.47,26,-3268.72
2025-03-10,NSE:EIEL-EQ,201.97,316.99,47,-5405.94
2025-03-10,NSE:IGIL-EQ,312.45,506.0,29,-5612.95
2025-03-10,NSE:IKS-EQ,1716.8,1925.0,7,-1457.4
2025-03-10,NSE:KRN-EQ,942.2,660.75,52,14635.25
2025-03-10,NSE:SAGILITY-EQ,41.75,50.01,299,-2469.74
2025-03-10,NSE:SENORES-EQ,548.25,576.7,26,-739.7
2025-03-10,NSE:UNIMECH-EQ,926.45,1353.75,11,-4700.3
2025-03-10,NSE:WAAREEENER-EQ,2140.9,2400.0,6,-1554.6
2025-03-11,NSE:DAMCAPITAL-EQ,208.96,400.85,37,-7099.93
2025-03-11,NSE:DEEPINDS-EQ,464.65,576.47,26,-2907.32
2025-03-11,NSE:EIEL-EQ,199.94,316.99,47,-5501.35
2025-03-11,NSE:IGIL-EQ,296.85,506.0,29,-6065.35
2025-03-11,NSE:IKS-EQ,1746.0,1925.0,7,-1253.0
2025-03-11,NSE:KRN-EQ,955.7,660.75,52,15337.25
2025-03-11,NSE:SAGILITY-EQ,42.34,50.01,299,-2293.33
2025-03-11,NSE:SENORES-EQ,552.7,576.7,26,-624.0
2025-03-11,NSE:UNIMECH-EQ,919.4,1353.75,11,-4777.85
2025-03-11,NSE:WAAREEENER-EQ,2114.25,2400.0,6,-1714.5
2025-03-12,NSE:DAMCAPITAL-EQ,207.89,400.85,37,-7139.52
2025-03-12,NSE:DEEPINDS-EQ,458.05,576.47,26,-3078.92
2025-03-12,NSE:EIEL-EQ,198.34,316.99,47,-5576.55
2025-03-12,NSE:IGIL-EQ,295.45,506.0,29,-6105.95
2025-03-12,NSE:IKS-EQ,1728.4,1925.0,7,-1376.2
2025-03-12,NSE:KRN-EQ,952.8,660.75,52,15186.45
2025-03-12,NSE:SAGILITY-EQ,41.54,50.01,299,-2532.53
2025-03-12,NSE:SENORES-EQ,576.15,576.7,26,-14.3
2025-03-12,NSE:UNIMECH-EQ,909.55,1353.75,11,-4886.2
2025-03-12,NSE:WAAREEENER-EQ,2117.55,2400.0,6,-1694.7
2025-03-13,NSE:DAMCAPITAL-EQ,204.87,400.85,37,-7251.26
2025-03-13,NSE:DEEPINDS-EQ,450.6,576.47,26,-3272.62
2025-03-13,NSE:EIEL-EQ,195.36,316.99,47,-5716.61
2025-03-13,NSE:IGIL-EQ,308.5,506.0,29,-5727.5
2025-03-13,NSE:IKS-EQ,1645.75,1925.0,7,-1954.75
2025-03-13,NSE:KRN-EQ,929.0,660.75,52,13948.85
2025-03-13,NSE:SAGILITY-EQ,42.02,50.01,299,-2389.01
2025-03-13,NSE:SENORES-EQ,566.7,576.7,26,-260.0
2025-03-13,NSE:UNIMECH-EQ,900.4,1353.75,11,-4986.85
2025-03-13,NSE:WAAREEENER-EQ,2125.25,2400.0,6,-1648.5
2025-03-17,NSE:DAMCAPITAL-EQ,208.69,400.85,37,-7109.92
2025-03-17,NSE:DEEPINDS-EQ,446.15,576.47,26,-3388.32
2025-03-17,NSE:EIEL-EQ,191.77,316.99,47,-5885.34
2025-03-17,NSE:IGIL-EQ,304.0,506.0,29,-5858.0
2025-03-17,NSE:IKS-EQ,1447.0,1925.0,7,-3346.0
2025-03-17,NSE:KRN-EQ,881.45,660.75,52,11476.25
2025-03-17,NSE:PENIND-EQ,176.22,172.49,89,331.97
2025-03-17,NSE:SAGILITY-EQ,41.44,50.01,299,-2562.43
2025-03-17,NSE:SENORES-EQ,571.65,576.7,26,-131.3
2025-03-17,NSE:UNIMECH-EQ,860.5,1353.75,11,-5425.75
2025-03-17,NSE:WAAREEENER-EQ,2114.9,2400.0,6,-1710.6
2025-03-18,NSE:DAMCAPITAL-EQ,217.1,400.85,37,-6798.75
2025-03-18,NSE:DEEPINDS-EQ,474.35,576.47,26,-2655.12
2025-03-18,NSE:EIEL-EQ,202.19,316.99,47,-5395.6
2025-03-18,NSE:IGIL-EQ,319.1,506.0,29,-5420.1
2025-03-18,NSE:IKS-EQ,1511.95,1925.0,7,-2891.35
2025-03-18,NSE:KRN-EQ,876.05,660.75,52,11195.45
2025-03-18,NSE:PENIND-EQ,185.33,172.49,89,1142.76
2025-03-18,NSE:SAGILITY-EQ,42.3,50.01,299,-2305.29
2025-03-18,NSE:SENORES-EQ,621.55,576.7,26,1166.1
2025-03-18,NSE:UNIMECH-EQ,928.45,1353.75,11,-4678.3
2025-03-18,NSE:WAAREEENER-EQ,2178.8,2400.0,6,-1327.2
2025-03-19,NSE:DAMCAPITAL-EQ,224.64,400.85,37,-6519.77
2025-03-19,NSE:DEEPINDS-EQ,488.25,576.47,26,-2293.72
2025-03-19,NSE:EIEL-EQ,210.48,316.99,47,-5005.97
2025-03-19,NSE:IGIL-EQ,327.8,506.0,29,-5167.8
2025-03-19,NSE:IKS-EQ,1494.65,1925.0,7,-3012.45
2025-03-19,NSE:KRN-EQ,896.05,660.75,52,12235.45
2025-03-19,NSE:PENIND-EQ,183.57,172.49,89,986.12
2025-03-19,NSE:SAGILITY-EQ,43.1,50.01,299,-2066.09
2025-03-19,NSE:SENORES-EQ,622.8,576.7,26,1198.6
2025-03-19,NSE:UNIMECH-EQ,939.4,1353.75,11,-4557.85
2025-03-19,NSE:WAAREEENER-EQ,2255.2,2400.0,6,-868.8
2025-03-20,NSE:DAMCAPITAL-EQ,221.62,400.85,37,-6631.51
2025-03-20,NSE:DEEPINDS-EQ,494.65,576.47,26,-2127.32
2025-03-20,NSE:EIEL-EQ,210.48,316.99,47,-5005.97
2025-03-20,NSE:IGIL-EQ,344.15,506.0,29,-4693.65
2025-03-20,NSE:IKS-EQ,1485.75,1925.0,7,-3074.75
2025-03-20,NSE:KRN-EQ,896.55,660.75,52,12261.45
2025-03-20,NSE:PENIND-EQ,183.18,172.49,89,951.41
2025-03-20,NSE:SAGILITY-EQ,42.43,50.01,299,-2266.42
2025-03-20,NSE:SENORES-EQ,622.0,576.7,26,1177.8
2025-03-20,NSE:UNIMECH-EQ,945.2,1353.75,11,-4494.05
2025-03-20,NSE:WAAREEENER-EQ,2253.4,2400.0,6,-879.6
2025-03-21,NSE:DAMCAPITAL-EQ,231.39,400.85,37,-6270.02
2025-03-21,NSE:DEEPINDS-EQ,500.2,576.47,26,-1983.02
2025-03-21,NSE:EIEL-EQ,217.02,316.99,47,-4698.59
2025-03-21,NSE:IGIL-EQ,361.35,506.0,29,-4194.85
2025-03-21,NSE:IKS-EQ,1457.45,1925.0,7,-3272.85
2025-03-21,NSE:KRN-EQ,921.25,660.75,52,13545.85
2025-03-21,NSE:PENIND-EQ,188.43,172.49,89,1418.66
2025-03-21,NSE:SAGILITY-EQ,43.44,50.01,299,-1964.43
2025-03-21,NSE:SENORES-EQ,627.1,576.7,26,1310.4
2025-03-21,NSE:UNIMECH-EQ,1009.05,1353.75,11,-3791.7
2025-03-21,NSE:WAAREEENER-EQ,2352.9,2400.0,6,-282.6
2025-03-24,NSE:DAMCAPITAL-EQ,250.37,400.85,37,-5567.76
2025-03-24,NSE:DEEPINDS-EQ,511.75,576.47,26,-1682.72
2025-03-24,NSE:EIEL-EQ,228.43,316.99,47,-4162.32
2025-03-24,NSE:IGIL-EQ,379.4,506.0,29,-3671.4
2025-03-24,NSE:IKS-EQ,1487.25,1925.0,7,-3064.25
2025-03-24,NSE:KRN-EQ,929.7,660.75,52,13985.25
2025-03-24,NSE:PENIND-EQ,185.64,172.49,89,1170.35
2025-03-24,NSE:SAGILITY-EQ,44.46,50.01,299,-1659.45
2025-03-24,NSE:SENORES-EQ,628.15,576.7,26,1337.7
2025-03-24,NSE:UNIMECH-EQ,1027.4,1353.75,11,-3589.85
2025-03-24,NSE:WAAREEENER-EQ,2431.35,2400.0,6,188.1
2025-03-25,NSE:DAMCAPITAL-EQ,233.84,400.85,37,-6179.37
2025-03-25,NSE:DEEPINDS-EQ,491.45,576.47,26,-2210.52
2025-03-25,NSE:EIEL-EQ,221.62,316.99,47,-4482.39
2025-03-25,NSE:IGIL-EQ,379.35,506.0,29,-3672.85
2025-03-25,NSE:IKS-EQ,1474.8,1925.0,7,-3151.4
2025-03-25,NSE:KRN-EQ,896.5,660.75,52,12258.85
2025-03-25,NSE:PENIND-EQ,182.34,172.49,89,876.65
2025-03-25,NSE:SAGILITY-EQ,43.29,50.01,299,-2009.28
2025-03-25,NSE:SENORES-EQ,591.7,576.7,26,390.0
2025-03-25,NSE:UNIMECH-EQ,979.7,1353.75,11,-4114.55
2025-03-25,NSE:WAAREEENER-EQ,2440.95,2400.0,6,245.7
2025-03-26,NSE:DAMCAPITAL-EQ,228.42,400.85,37,-6379.91
2025-03-26,NSE:DEEPINDS-EQ,488.25,576.47,26,-2293.72
2025-03-26,NSE:EIEL-EQ,215.99,316.99,47,-4747.0
2025-03-26,NSE:IGIL-EQ,365.75,506.0,29,-4067.25
2025-03-26,NSE:IKS-EQ,1480.75,1925.0,7,-3109.75
2025-03-26,NSE:KRN-EQ,881.7,660.75,52,11489.25
2025-03-26,NSE:PENIND-EQ,180.55,172.49,89,717.34
2025-03-26,NSE:SAGILITY-EQ,41.89,50.01,299,-2427.88
2025-03-26,NSE:SENORES-EQ,578.1,576.7,26,36.4
2025-03-26,NSE:UNIMECH-EQ,1010.6,1353.75,11,-3774.65
2025-03-26,NSE:WAAREEENER-EQ,2427.1,2400.0,6,162.6
2025-03-27,NSE:DAMCAPITAL-EQ,235.7,400.85,37,-6110.55
2025-03-27,NSE:DEEPINDS-EQ,498.1,576.47,26,-2037.62
2025-03-27,NSE:EIEL-EQ,225.72,316.99,47,-4289.69
2025-03-27,NSE:IGIL-EQ,372.45,506.0,29,-3872.95
2025-03-27,NSE:IKS-EQ,1554.95,1925.0,7,-2590.35
2025-03-27,NSE:KRN-EQ,884.35,660.75,52,11627.05
2025-03-27,NSE:PENIND-EQ,190.77,172.49,89,1626.92
2025-03-27,NSE:SAGILITY-EQ,42.73,50.01,299,-2176.72
2025-03-27,NSE:SENORES-EQ,587.4,576.7,26,278.2
2025-03-27,NSE:UNIMECH-EQ,985.45,1353.75,11,-4051.3
2025-03-27,NSE:WAAREEENER-EQ,2435.85,2400.0,6,215.1
2025-03-28,NSE:DAMCAPITAL-EQ,235.08,400.85,37,-6133.49
2025-03-28,NSE:DEEPINDS-EQ,501.15,576.47,26,-1958.32
2025-03-28,NSE:EIEL-EQ,222.01,316.99,47,-4464.06
2025-03-28,NSE:IGIL-EQ,385.2,506.0,29,-3503.2
2025-03-28,NSE:IKS-EQ,1528.95,1925.0,7,-2772.35
2025-03-28,NSE:KRN-EQ,871.7,660.75,52,10969.25
2025-03-28,NSE:PENIND-EQ,187.8,172.49,89,1362.59
2025-03-28,NSE:SAGILITY-EQ,42.91,50.01,299,-2122.9
2025-03-28,NSE:SENORES-EQ,570.6,576.7,26,-158.6
2025-03-28,NSE:UNIMECH-EQ,967.75,1353.75,11,-4246.0
2025-03-28,NSE:WAAREEENER-EQ,2404.65,2400.0,6,27.9
2025-04-01,NSE:DAMCAPITAL-EQ,236.27,400.85,37,-6089.46
2025-04-01,NSE:DEEPINDS-EQ,492.1,576.47,26,-2193.62
2025-04-01,NSE:EIEL-EQ,218.63,316.99,47,-4622.92
2025-04-01,NSE:IGIL-EQ,386.75,506.0,29,-3458.25
2025-04-01,NSE:IKS-EQ,1487.05,1925.0,7,-3065.65
2025-04-01,NSE:KRN-EQ,864.1,660.75,52,10574.05
2025-04-01,NSE:PENIND-EQ,185.76,172.49,89,1181.03
2025-04-01,NSE:SAGILITY-EQ,43.55,50.01,299,-1931.54
2025-04-01,NSE:SENORES-EQ,563.95,576.7,26,-331.5
2025-04-01,NSE:UNIMECH-EQ,968.95,1353.75,11,-4232.8
2025-04-01,NSE:WAAREEENER-EQ,2379.85,2400.0,6,-120.9
2025-04-02,NSE:DAMCAPITAL-EQ,238.37,400.85,37,-6011.76
2025-04-02,NSE:DEEPINDS-EQ,504.0,576.47,26,-1884.22
2025-04-02,NSE:EIEL-EQ,223.56,316.99,47,-4391.21
2025-04-02,NSE:IGIL-EQ,391.1,506.0,29,-3332.1
2025-04-02,NSE:IKS-EQ,1518.55,1925.0,7,-2845.15
2025-04-02,NSE:KRN-EQ,850.25,660.75,52,9853.85
2025-04-02,NSE:PENIND-EQ,190.45,172.49,89,1598.44
2025-04-02,NSE:SAGILITY-EQ,42.81,50.01,299,-2152.8
2025-04-02,NSE:SENORES-EQ,561.1,576.7,26,-405.6
2025-04-02,NSE:UNIMECH-EQ,944.8,1353.75,11,-4498.45
2025-04-02,NSE:WAAREEENER-EQ,2280.2,2400.0,6,-718.8
2025-04-03,NSE:DAMCAPITAL-EQ,239.8,400.85,37,-5958.85
2025-04-03,NSE:DEEPINDS-EQ,498.1,576.47,26,-2037.62
2025-04-03,NSE:EIEL-EQ,223.55,316.99,47,-4391.68
2025-04-03,NSE:IGIL-EQ,402.45,506.0,29,-3002.95
2025-04-03,NSE:IKS-EQ,1469.95,1925.0,7,-3185.35
2025-04-03,NSE:KRN-EQ,859.5,660.75,52,10334.85
2025-04-03,NSE:PENIND-EQ,193.12,172.49,89,1836.07
2025-04-03,NSE:SAGILITY-EQ,41.99,50.01,299,-2397.98
2025-04-03,NSE:SENORES-EQ,577.15,576.7,26,11.7
2025-04-03,NSE:UNIMECH-EQ,964.95,1353.75,11,-4276.8
2025-04-03,NSE:WAAREEENER-EQ,2233.05,2400.0,6,-1001.7
2025-04-04,NSE:DAMCAPITAL-EQ,219.31,400.85,37,-6716.98
2025-04-04,NSE:DEEPINDS-EQ,468.35,576.47,26,-2811.12
2025-04-04,NSE:EIEL-EQ,211.72,316.99,47,-4947.69
2025-04-04,NSE:IGIL-EQ,382.35,506.0,29,-3585.85
2025-04-04,NSE:IKS-EQ,1420.5,1925.0,7,-3531.5
2025-04-04,NSE:KRN-EQ,820.55,660.75,52,8309.45
2025-04-04,NSE:PENIND-EQ,183.38,172.49,89,969.21
2025-04-04,NSE:SAGILITY-EQ,40.49,50.01,299,-2846.48
2025-04-04,NSE:SENORES-EQ,531.85,576.7,26,-1166.1
2025-04-04,NSE:UNIMECH-EQ,945.35,1353.75,11,-4492.4
2025-04-04,NSE:WAAREEENER-EQ,2160.95,2400.0,6,-1434.3
2025-04-07,NSE:DAMCAPITAL-EQ,204.91,400.85,37,-7249.78
2025-04-07,NSE:DEEPINDS-EQ,428.3,576.47,26,-3852.42
2025-04-07,NSE:EIEL-EQ,200.95,316.99,47,-5453.88
2025-04-07,NSE:IGIL-EQ,363.25,506.0,29,-4139.75
2025-04-07,NSE:IKS-EQ,1349.45,1925.0,7,-4028.85
2025-04-07,NSE:KRN-EQ,757.4,660.75,52,5025.65
2025-04-07,NSE:PENIND-EQ,173.93,172.49,89,128.16
2025-04-07,NSE:SAGILITY-EQ,38.46,50.01,299,-3453.45
2025-04-07,NSE:SENORES-EQ,511.55,576.7,26,-1693.9
2025-04-07,NSE:UNIMECH-EQ,921.4,1353.75,11,-4755.85
2025-04-07,NSE:WAAREEENER-EQ,2092.15,2400.0,6,-1847.1
2025-04-08,NSE:DAMCAPITAL-EQ,203.53,400.85,37,-7300.84
2025-04-08,NSE:DEEPINDS-EQ,478.45,576.47,26,-2548.52
2025-04-08,NSE:EIEL-EQ,207.73,316.99,47,-5135.22
2025-04-08,NSE:IGIL-EQ,345.1,506.0,29,-4666.1
2025-04-08,NSE:IKS-EQ,1357.55,1925.0,7,-3972.15
2025-04-08,NSE:KRN-EQ,795.4,660.75,52,7001.65
2025-04-08,NSE:PENIND-EQ,178.05,172.49,89,494.84
2025-04-08,NSE:SAGILITY-EQ,39.09,50.01,299,-3265.08
2025-04-08,NSE:SENORES-EQ,522.95,576.7,26,-1397.5
2025-04-08,NSE:UNIMECH-EQ,907.85,1353.75,11,-4904.9
2025-04-08,NSE:WAAREEENER-EQ,2114.8,2400.0,6,-1711.2
2025-04-09,NSE:DAMCAPITAL-EQ,200.99,400.85,37,-7394.82
2025-04-09,NSE:DEEPINDS-EQ,448.75,576.47,26,-3320.72
2025-04-09,NSE:EIEL-EQ,200.62,316.99,47,-5469.39
2025-04-09,NSE:IGIL-EQ,327.85,506.0,29,-5166.35
2025-04-09,NSE:IKS-EQ,1333.05,1925.0,7,-4143.65
2025-04-09,NSE:KRN-EQ,772.35,660.75,52,5803.05
2025-04-09,NSE:PENIND-EQ,171.86,172.49,89,-56.07
2025-04-09,NSE:SAGILITY-EQ,37.99,50.01,299,-3593.98
2025-04-09,NSE:SENORES-EQ,515.65,576.7,26,-1587.3
2025-04-09,NSE:UNIMECH-EQ,904.75,1353.75,11,-4939.0
2025-04-09,NSE:WAAREEENER-EQ,2149.4,2400.0,6,-1503.6
2025-04-11,NSE:DAMCAPITAL-EQ,207.08,400.85,37,-7169.49
2025-04-11,NSE:DEEPINDS-EQ,468.8,576.47,26,-2799.42
2025-04-11,NSE:EIEL-EQ,205.41,316.99,47,-5244.26
2025-04-11,NSE:IGIL-EQ,337.3,506.0,29,-4892.3
2025-04-11,NSE:IKS-EQ,1341.45,1925.0,7,-4084.85
2025-04-11,NSE:KRN-EQ,779.35,660.75,52,6167.05
2025-04-11,NSE:PENIND-EQ,179.7,172.49,89,641.69
2025-04-11,NSE:SAGILITY-EQ,39.87,50.01,299,-3031.86
2025-04-11,NSE:SENORES-EQ,553.4,576.7,26,-605.8
2025-04-11,NSE:UNIMECH-EQ,904.6,1353.75,11,-4940.65
2025-04-11,NSE:WAAREEENER-EQ,2161.45,2400.0,6,-1431.3
2025-04-15,NSE:DAMCAPITAL-EQ,218.88,400.85,37,-6732.89
2025-04-15,NSE:DEEPINDS-EQ,490.45,576.47,26,-2236.52
2025-04-15,NSE:EIEL-EQ,212.24,316.99,47,-4923.25
2025-04-15,NSE:IGIL-EQ,339.55,506.0,29,-4827.05
2025-04-15,NSE:IKS-EQ,1416.3,1925.0,7,-3560.9
2025-04-15,NSE:KRN-EQ,828.25,660.75,52,8709.85
2025-04-15,NSE:PENIND-EQ,186.68,172.49,89,1262.91
2025-04-15,NSE:SAGILITY-EQ,41.86,50.01,299,-2436.85
2025-04-15,NSE:SENORES-EQ,562.25,576.7,26,-375.7
2025-04-15,NSE:UNIMECH-EQ,995.05,1353.75,11,-3945.7
2025-04-15,NSE:WAAREEENER-EQ,2218.5,2400.0,6,-1089.0
2025-04-16,NSE:DAMCAPITAL-EQ,221.61,400.85,37,-6631.88
2025-04-16,NSE:DEEPINDS-EQ,490.85,576.47,26,-2226.12
2025-04-16,NSE:EIEL-EQ,217.12,316.99,47,-4693.89
2025-04-16,NSE:IGIL-EQ,336.5,506.0,29,-4915.5
2025-04-16,NSE:IKS-EQ,1413.5,1925.0,7,-3580.5
2025-04-16,NSE:KRN-EQ,837.5,660.75,52,9190.85
2025-04-16,NSE:PENIND-EQ,189.16,172.49,89,1483.63
2025-04-16,NSE:SAGILITY-EQ,42.75,50.01,299,-2170.74
2025-04-16,NSE:SENORES-EQ,553.15,576.7,26,-612.3
2025-04-16,NSE:UNIMECH-EQ,1063.8,1353.75,11,-3189.45
2025-04-16,NSE:WAAREEENER-EQ,2229.6,2400.0,6,-1022.4
2025-04-17,NSE:DAMCAPITAL-EQ,220.5,400.85,37,-6672.95
2025-04-17,NSE:DEEPINDS-EQ,485.3,576.47,26,-2370.42
2025-04-17,NSE:EIEL-EQ,216.99,316.99,47,-4700.0
2025-04-17,NSE:IGIL-EQ,353.3,506.0,29,-4428.3
2025-04-17,NSE:IKS-EQ,1416.4,1925.0,7,-3560.2
2025-04-17,NSE:KRN-EQ,835.7,660.75,52,9097.25
2025-04-17,NSE:PENIND-EQ,185.88,172.49,89,1191.71
2025-04-17,NSE:SAGILITY-EQ,43.31,50.01,299,-2003.3
2025-04-17,NSE:SENORES-EQ,549.5,576.7,26,-707.2
2025-04-17,NSE:UNIMECH-EQ,1048.8,1353.75,11,-3354.45
2025-04-17,NSE:WAAREEENER-EQ,2323.0,2400.0,6,-462.0
